name,phone,url,address,numberOfReviews,averageReviewScore,checkInOutTimes,amenities,numberOfOTAs,otaLinks,socialMediaLinks,workingHours
"Wyndham Garden Fort Walton Beach - Destin Hotel, FL",+1 850-244-8686,wyndhamgardenftwaltonbeach.com,"573 Santa Rosa Blvd, Fort Walton Beach, FL 32548, Sjedinjene Drave",2.345,"3,8",Vrijeme prijave: 16:00 - Vrijeme odjave: 11:00,", Besplatan WiFi, Doruak uz plaanje, Parking uz plaanje, Pristupano za invalide, Otvoreni bazen, Klimatizirano, Poslovni centar, Pogodno za ljubimce, Pristup plai, Pogodno za djecu, Restoran, Kuhinje u nekim sobama, Prijevoz sa/do aerodroma, Vrela kupka, Fitnes centar, Bar, Nepuaki",1,http://www.google.com/travel/clk?pc=AA80OswBJbzGauLFxcOA0T9F6miAkKpr5LFv042eluAxnWxO2TnuvTMC9a3dFTyiv924y6DpFydVgjTW_E8Af--X4Tl2LtpaeEcV54dgEkhYiMZ5RBJuo1lIrIauNY3rzwbxUJvxcfmJSu8&pcurl=https://www.priceline.com/r/?channel%3Dmeta%26product%3Dhotel%26theme%3Dghalistings%26refid%3DPLGOOGLEMSS%26refclickid%3DBA_HP%257C44263_mapresults_3%257C20250301%257Cdesktop%257Cuserdate%7Cpublic%7C%7C%7C-1%257C2%257C0%7C0%7CEN%26hotelid%3D44263%26checkin%3D20250301%26checkout%3D20250304%26rooms%3D1%26currency%3DUSD%26displayedCurr%3DBAM%26POSCountryCode%3DBA%26taxDisplayMode%3DBP%26cityID%3D3000003198%26adults%3D2%26land%3DL%26metaid%3DKRlVHPVNaOqNHxgt75_8nSDxfbrnpkdTAjkLWTSKT1ZOaAM4EWHgzb3sd9LAd7mz2auJOo9j2wERsSpwrcbyIUCAYrN0b5tQY7NMDBAWcAVHPGkoFD4sOpA0MNj0eeDMlROlKTiwEmCGXMHwZlMRJbPpIGtvw0NdXyNm6VtNHP5oe68bnJYCA3aYeFX-8rZOAD7jvp0l_yswfDJ8EdZlESg_oCpn5b7gVrN8kU_D3r2f7REfWQu6miwrPnIRQvTSLvqlxLmSgJsLRqfIzokPFcOsBrY7rlT9-vwkqUw5mQFGU1jwzkVxEF9fIYRaHIN0CyTZUKrowmBucvYWR-eygk0f5u3Y_rS84sPgtk_gpJg%26dblcnt%3Dtrue%26user_num_adults%3D2%26pdtax%3D91.24%26pdt%3D792.83%26locale%3Den-us%26ad-src%3D,"https://www.facebook.com/wyndhamfortwalton, https://twitter.com/WyndhamG_FWB, https://www.youtube.com/user/WyndhamGarden, https://www.facebook.com/sharer.php?u=https%3A%2F%2Fwyndhamgardenftwaltonbeach.com%2F, https://twitter.com/intent/tweet?text=Fort%20Walton%20Beach%20Hotel&url=https://wyndhamgardenftwaltonbeach.com/, https://www.facebook.com/wyndhamfortwalton, https://twitter.com/WyndhamG_FWB, https://www.youtube.com/user/WyndhamGarden",Open 24 hours
The Island Resort at Fort Walton Beach,+1 800-874-8962,theislandfl.com,"1500 Miracle Strip Pkwy SE, Fort Walton Beach, FL 32548, Sjedinjene Drave",4.379,"4,0",Vrijeme prijave: 15:00 - Vrijeme odjave: 11:00,", Besplatan WiFi, Doruak uz plaanje, Parking uz plaanje, Pristupano za invalide, Otvoreni bazen, Klimatizirano, Praonica rublja, Poslovni centar, Pogodno za ljubimce, Pristup plai, Pogodno za djecu, Restoran, Prijevoz sa/do aerodroma, Vrela kupka, Fitnes centar, Bar, Nepuaki",2,"http://www.google.com/travel/clk?pc=AA80OswEoUiQUFYpn7pbCbdVBqN0Oz7oUP53IElP--Tw4Jk1jETTMgIkIjAjHGMCFIROunm4g8KDD0ZsMd0b72sst28tDaX8JpBos83sHhpvZb6GTBaeNYv8vOEjfqM&pcurl=https://linkcenter.derbysoftca.com/dplatform-linkcenter/booking.htm?hotelCode%3DSABRE-37398%26providerHotelCode%3DSABRE-37398%26checkInDate%3D2025-03-01%26checkOutDate%3D2025-03-04%26identifier%3Dsabre-google%26currency%3DUSD%26userCurrency%3DBAM%26language%3Dbs%26userCountry%3DBA%26testClick%3Dfalse%26sitetype%3Dmapresults%26deviceType%3Ddesktop%26priceDisplayedTax%3D330.19%26priceDisplayedTotal%3D1268.20%26partnerId%3Dderbysoft%26campaignid%3D%26userlistid%3D%26ifDefaultDate%3Dselected%26isPromoted%3Dfalse%26s_is_ad%3Dfalse%26adults%3D2%26children%3D0%26hotel_campaign%3Dtrue%26clk_src%3D, http://www.google.com/travel/clk?pc=AA80OswLDTyolq4NJWaBB6Ql578uwjKYeBY4_bgPVg7k5kdMwae6QdlD4HnHBeS9vPcecSeVtyEHTMPTeakO2qGWUCXSBxZvU4pxcD6azbMz8l0B1hx_5FfycLKiNpr5NQ-mUqEUr7i8Mcg&pcurl=https://www.priceline.com/r/?channel%3Dmeta%26product%3Dhotel%26theme%3Dghalistings%26refid%3DPLGOOGLEMSS%26refclickid%3DBA_HP%257C41587_mapresults_3%257C20250301%257Cdesktop%257Cuserdate%7Cpublic%7C%7C%7C-1%257C2%257C0%7C0%7CEN%26hotelid%3D41587%26checkin%3D20250301%26checkout%3D20250304%26rooms%3D1%26currency%3DUSD%26displayedCurr%3DBAM%26POSCountryCode%3DBA%26taxDisplayMode%3DBP%26cityID%3D3000003198%26adults%3D2%26land%3DL%26metaid%3Dl5xScupilBxTjkZUP_EMypf-sNdidmQ8vwjkqYFfug-EcuO4-Zy8jLwgpl2lUrWwc6fYQFCmLC1r3Oi_JcDv78_cQ2XY1FAqWbOF2rVPEsc6U-XQHMbSv2k1UIp47JOD5Jky8RXA1-XQXL4tv_jvd9RVIU36lC4HcCbVVcXx_gCB6FUfBgf8nhRPn2S4aujzrqcYAAK9ElnKLMCOqC0eakksyS2xPE7VRg_6D_VTHTOjsJ61U1taNMM8cls590-jI6eQcTF5GJNXNlIzu5hcaaFF2GSACAAM9sGJJL_Gro4_MU4MRLulqlNN8XzGVczsAO35lHRsSS_6uZN0rr1BXghPJqHEVzuFU9n1GuB3-lVBvrim13mFWEu-f5gYQf-zbqi_qNWctdsf0oqf9btVElCqleAZwdGWgFPwlDV0yznAQ1ZH00lDUrCtCx9CVZ4RTvRMgvj4PatY1rN2vBrmDQ%26dblcnt%3Dtrue%26user_num_adults%3D2%26pdtax%3D229.80%26pdt%3D872.57%26locale%3Den-us%26ad-src%3D","https://www.instagram.com/theislandfl/, https://www.facebook.com/TheIslandFL/, https://www.linkedin.com/company/the-island-resort-at-fort-walton-beach, https://www.instagram.com/p/DGN-m2kJhdI, https://www.instagram.com/p/DGLZ7wbptca, https://www.instagram.com/p/DGGQNp9BZPv, https://www.instagram.com/p/DF-h2DzpOdY",Open 24 hours
Sandestin Golf and Beach Resort,+1 850-267-8888,sandestin.com,"9300 Emerald Coast Pkwy W, Miramar Beach, FL 32550, Sjedinjene Drave",2.468,"4,2",Vrijeme prijave: 16:00 - Vrijeme odjave: 10:00,", Besplatan WiFi, Parking, Pristupano za invalide, Otvoreni bazen, Klimatizirano, Poslovni centar, Pogodno za ljubimce, Pristup plai, Pogodno za djecu, Restoran, Kuhinja u svim sobama, Prijevoz sa/do aerodroma, Vrela kupka, Spa, Fitnes centar, Golf teren, Bar, Nepuaki",2,"http://www.google.com/travel/clk?pc=AA80OsxgQkQXf_fvoFpBvHfPb2aIWuU_hsV3x6MgiPLWgvhADNuhjNWw2hhjg9h1ZD3ECeBA96H3DAQIC6MTyJVm5DyUSV1eLyuAmyOmPyz_g0vSlzpUa5qgTDWt_sbLQjJ-oLDtaV_Zd1w&pcurl=https://www.priceline.com/r/?channel%3Dmeta%26product%3Dhotel%26theme%3Dghalistings%26refid%3DPLGOOGLEMSS%26refclickid%3DBA_HP%257C40814_mapresults_3%257C20250301%257Cdesktop%257Cuserdate%7Cpublic%7C%7C%7C-1%257C2%257C0%7C0%7CEN%26hotelid%3D40814%26checkin%3D20250301%26checkout%3D20250304%26rooms%3D1%26currency%3DUSD%26displayedCurr%3DBAM%26POSCountryCode%3DBA%26taxDisplayMode%3DBP%26cityID%3D3000090047%26adults%3D2%26land%3DL%26metaid%3DOR_0jbo8rQ3q0CA_XKtrRYkL5hMIB3_U_Nv5t6SXRw0R7URGN68PM3gtSrZwrr9-DfmjFI_gaOEC8wpgJPdJQ2F4dFsMALrb38uuLkyLaiHKopUkWm5Gkx19eDJTxg1wykzjX6iKY6R-2sk9m-brW7AQTC8vwnpLj8xy1csaQFgUvrejqXlWHiQwBX4TtVtbrrVCNNdyX3f16eL1rbh4NcEYMPxdyigazJXOwLmIESt0ZZ2qUfHxztnP6lZ7QuDu89SEL05tnKJ_3aId9qfV3LCyTLZ2IuLt7kSiHZlKHM9kdQQNO-76hf3k9JzxLdDrOywCSDjX4ZBwiC60hxLVgsuoFE9smfXU6cYgK4uKmKxhFoUOdmJYUP4jP0wuyyGIvY-M4DeEoR8P-2v0uekeXjcA1skbgWevTUvHI9DGBUWuRGsxZo1NMqDs8NdYSM5kZBoALoK_WSXoWf3p8BKchw%26dblcnt%3Dtrue%26user_num_adults%3D2%26pdtax%3D383.72%26pdt%3D933.66%26locale%3Den-us%26ad-src%3D, http://www.google.com/travel/clk?pc=AA80OsxeP0XncZkdPHxAQEYLUmxwHuTR89YyjIByfAeSejcV-WRqpwIYK9OC5-e_NzOe7mG7C_x5WyD7JNSaFScm9JerXDudTrqpu8FIT0UMMGlV4kUumx99PyGTf2VlufFwNiswk3RsZXiumyt5HJb0Zw9bbHIi5ptzYQ&pcurl=https://m.hktuyitrip.com/hotel-detail?hotelId%3Dh1329704131589312512%26roomId%3Dr1329704133120233472%26planId%3Dr1329704133120233472_2%5C_2%5C_3%5C_2%5C_3%5C_w%5C_p%5C_m%5C_208306562%26checkIn%3D2025-03-01%26checkOut%3D2025-03-04%26adult%3D2%26children%3D0%26age%3D%26userDevice%3Ddesktop%26googleSite%3Dmapresults%26userCurrency%3DBAM%26userCountry%3DBA%26userLanguage%3Dbs%26userTotal%3D877.86","https://www.facebook.com/Sandestin, https://twitter.com/sandestin, https://www.instagram.com/sandestin/, https://www.facebook.com/Sandestin, https://www.instagram.com/sandestin/, https://www.youtube.com/user/sandestinresort",Open 24 hours
Days Inn by Wyndham Fort Walton Beach,+1 850-344-9560,wyndhamhotels.com,"135 Miracle Strip Pkwy SW, Fort Walton Beach, FL 32548, Sjedinjene Drave",1.018,"2,6",Vrijeme prijave: 15:00 - Vrijeme odjave: 11:00,", Besplatan WiFi, Besplatan doruak, Besplatan parking, Pristupano za invalide, Otvoreni bazen, Klimatizirano, Pogodno za ljubimce, Pogodno za djecu, Restoran, Prijevoz sa/do aerodroma, Fitnes centar",1,http://www.google.com/travel/clk?pc=AA80OswfA9KLYAA5hEFIdc_Y34tvPzYLusZF4WnrBYo9taZa3O3vgT3Dj9pL-hwpfu-CtZIEBZtcPzMnOk0MYf3EY2DuPEhlFAyIZWNsOIszvwDJ4aBSyF3_nSEIHsV6ZNtoQQ5trv69EXM&pcurl=https://www.priceline.com/r/?channel%3Dmeta%26product%3Dhotel%26theme%3Dghalistings%26refid%3DPLGOOGLEMSS%26refclickid%3DBA_HP%257C44028_mapresults_3%257C20250301%257Cdesktop%257Cuserdate%7Cpublic%7C%7C%7C-1%257C2%257C0%7C0%7CEN%26hotelid%3D44028%26checkin%3D20250301%26checkout%3D20250304%26rooms%3D1%26currency%3DUSD%26displayedCurr%3DBAM%26POSCountryCode%3DBA%26taxDisplayMode%3DBP%26cityID%3D3000003198%26adults%3D2%26land%3DL%26metaid%3DCk9yn_8uiGwEYzXIDpwnyCCjjpBBXY5rVyEbh1ADXsqtSBrLdUvaEdBxPPlYubzE7IYIC26fUx9mlM7aVnK83VfxhOZFxJ0RbKOomSVz8E012e2zbXBczykh4YM68Zahwz6DuK5slnfuWnlOggB7dOldxkITUdA8e5eHwgwJpzMP5ylKvnhhkjbVAmVMDAqVUt95-xqSXFKcPo76apha6s-cHtDMnLQQsg9CF4eDI2iKu13HkAwOxzbUXH-sGQen1Mq91AsGMGOW5UpK7BTjh8pADFSmAA1fxjp8NJBUjkk%26dblcnt%3Dtrue%26user_num_adults%3D2%26pdtax%3D90.85%26pdt%3D441.22%26locale%3Den-us%26ad-src%3D,"https://www.facebook.com/wyndhamhotels, https://www.instagram.com/wyndhamhotels/",Open 24 hours
Four Points by Sheraton Destin-Fort Walton Beach,+1 850-243-8116,marriott.com,"1325 Miracle Strip Pkwy SE, Fort Walton Beach, FL 32548, Sjedinjene Drave",1.52,"3,7",Vrijeme prijave: 16:00 - Vrijeme odjave: 11:00,", Besplatan WiFi, Doruak, Parking uz plaanje, Pristupano za invalide, Otvoreni bazen, Klimatizirano, Poslovni centar, Pogodno za ljubimce, Pristup plai, Pogodno za djecu, Restoran, Kuhinje u nekim sobama, Prijevoz sa/do aerodroma, Vrela kupka, Fitnes centar, Bar, Nepuaki",1,http://www.google.com/travel/clk?pc=AA80Osx1VnZBbAWE15qzZwIWkeboVOhxt2NiVx24ex1vN16KsaWnx_9KH1oz5XS0-q-vKEejvdMKRyhnFAEzug03rKGuFpRU-sDoMEYDPpMxuQ5xtPyTGeUtuXWN8byY--3NY6_FB_M1xFs&pcurl=https://www.priceline.com/r/?channel%3Dmeta%26product%3Dhotel%26theme%3Dghalistings%26refid%3DPLGOOGLEMSS%26refclickid%3DBA_HP%257C42026_mapresults_3%257C20250301%257Cdesktop%257Cuserdate%7Cpublic%7C%7C%7C-1%257C2%257C0%7C0%7CEN%26hotelid%3D42026%26checkin%3D20250301%26checkout%3D20250304%26rooms%3D1%26currency%3DUSD%26displayedCurr%3DBAM%26POSCountryCode%3DBA%26taxDisplayMode%3DBP%26cityID%3D3000003198%26adults%3D3%26land%3DL%26metaid%3D5WHx89bdfcFAuAlb5pdEKnRb8dTfEzvF4AZlaXtZR125wqYlPi4RjtgqfrjLVM2uzNZJJwQwqBNRm_q2HxBOGSM8lDSp3AkxmGXZriqivXd55kdisE-SZQSURcYDpVSSYf9qEMpw_8DxD2JRZyWPTko63Evc9K2FKcAwvOTlQc_0h9gMlb-j1GaxU8xGYiDvuS_inIFY7HevSceMAr5fImseqNigdZ1Wto8LpnwTJrVa9qGvD4PVOcjtPebjDOoVM6LEiPIVYHnr_2nGXWa9OfdcW92Oh_e4oLLZcS6fl0mXG_QvBW85d6qhECE59n1SEu7Jroo5MVs09-NLluRgnUbcXwubimRDVFW631W6Cp4%26dblcnt%3Dtrue%26user_num_adults%3D2%26pdtax%3D244.13%26pdt%3D896.43%26locale%3Den-us%26ad-src%3D,"https://www.facebook.com/groups/marriottbonvoyinsiders/, https://www.linkedin.com/in/anthony-capuano-a68390bb/, https://www.facebook.com/marriottbonvoy, https://www.instagram.com/marriottbonvoy/, https://twitter.com/marriottbonvoy, https://www.linkedin.com/company/marriott-international, https://www.youtube.com/marriott",Open 24 hours
Days Inn by Wyndham Destin,+1 850-502-2586,wyndhamhotels.com,"1029 US-98, Destin, FL 32541, Sjedinjene Drave",1.1400000000000001,"2,8",Vrijeme prijave: 16:00 - Vrijeme odjave: 11:00,", Besplatan WiFi, Besplatan doruak, Besplatan parking, Pristupano za invalide, Otvoreni bazen, Klimatizirano, Poslovni centar, Pogodno za ljubimce, Pogodno za djecu, Restoran, Kuhinje u nekim sobama, Prijevoz sa/do aerodroma, Fitnes centar",3,"http://www.google.com/travel/clk?pc=AA80OszfnRJ3lVBL355dBKHXHhHsxKUJ3jl01eKABRute1NSujTfIEvd2ATRj-x5rUahvs2oMGctoD18TWCQIHVdHxfKl_pFoh4RhCid1tMIJsuT34soBlZXpOve4tugDZ0wMg&pcurl=https://ad.doubleclick.net/ddm/clk/448223535;252310881;b;u%3Dsrch_HPA_WYNDHAM-82620_mapresults_3_BA_desktop_2025-03-01_selected___organic%253Fhttps://linkcenterus.derbysoftca.com/dplatform-linkcenter/booking.htm?hotelCode%3DWYNDHAM-82620%26providerHotelCode%3DWYNDHAM-82620%26checkInDate%3D2025-03-01%26checkOutDate%3D2025-03-04%26identifier%3Dwyndham-google%26price%3D217.57%26roomTypeCode%3DNQQ1%26ratePlanCode%3DSFS4%26currency%3DUSD%26userCurrency%3DBAM%26language%3Dbs%26userCountry%3DBA%26testClick%3Dfalse%26sitetype%3Dmapresults%26deviceType%3Ddesktop%26priceDisplayedTax%3D87.17%26priceDisplayedTotal%3D408.98%26partnerId%3DWyndham_ds%26campaignid%3D%26userlistid%3D%26ifDefaultDate%3Dselected%26u%3Dsrch_HPA_WYNDHAM-82620_mapresults_3_BA_desktop_2025-03-01_selected___organic%26adults%3D2%26children%3D0%26clk_src%3D, http://www.google.com/travel/clk?pc=AA80OsySEPPdFCDR173tY_UjvfHncrtfu-x1CE2LNp7PaCuQRBwrjzR4HV4JddS0EF6OKNCx3BwquBX8byyUojxtfTv1s5DHuDKasoQ-vGBYmGZZL3jU5rDwPKerN0zjiKEspD2DFlBhlq6bew&pcurl=https://www.booking.com/hotel/us/summer-breeze-inn-suites.html?checkin%3D2025-03-01%26checkout%3D2025-03-04%26group_adults%3D2%26req_adults%3D2%26show_room%3D27923004_392673448_2_0_0%26lang%3Dbs%26selected_currency%3DBAM%26exrt%3D1.87977290%26ext_price_total%3D408.94%26ext_price_tax%3D87.12%26xfc%3DUSD%26hca%3Dm%26group_children%3D0%26req_children%3D0%26%26ts%3D1740894516%26no_rooms%3D1%26edgtid%3DbSaJk2LBTuGfmtTY6Zad8g%26efpc%3DFxsgohe1Wi8%26utm_source%3Dmetagha%26utm_medium%3Dmapresults%26utm_campaign%3DBA%26utm_term%3Dhotel-279230%26utm_content%3Ddev-desktop_los-3_bw--1_dow-Saturday_defdate-0_room-0_gstadt-2_rateid-public_aud-0_gacid-_mcid-10_ppa-0_clrid-0_ad-0_gstkid-0_checkin-20250301_ppt-%26aid%3D2127708%26label%3Dmetagha-link-MRBA-hotel-279230_dev-desktop_los-3_bw--1_dow-Saturday_defdate-0_room-0_gstadt-2_rateid-public_aud-0_gacid-_mcid-10_ppa-0_clrid-0_ad-0_gstkid-0_checkin-20250301_ppt-, http://www.google.com/travel/clk?pc=AA80OswGM51MZdvI4MkFmExKvsXL3I8i9m394jKJb3gSOmvwtV-B4AEwYoTqgHpIoVY_BPApDWoVvJhjQf11m-aeF9-4f57Zwj7Bpf5oYdbUshg05Y-0HSdeu02IJhgCB_gfr3mw6PeW5e8&pcurl=https://www.priceline.com/r/?channel%3Dmeta%26product%3Dhotel%26theme%3Dghalistings%26refid%3DPLGOOGLEMSS%26refclickid%3DBA_HP%257C43998_mapresults_3%257C20250301%257Cdesktop%257Cuserdate%7Cpublic%7C%7C%7C-1%257C2%257C0%7C0%7CEN%26hotelid%3D43998%26checkin%3D20250301%26checkout%3D20250304%26rooms%3D1%26currency%3DUSD%26displayedCurr%3DBAM%26POSCountryCode%3DBA%26taxDisplayMode%3DBP%26cityID%3D3000003167%26adults%3D2%26land%3DL%26metaid%3Di96C5e32orr01YBihS_yQ__bMIuvM4SRDAdV-kGfITO3APKe0xoFwMZAr1rFDvOcfaqJ7G2p-q_R7x61Dn764_jpX4cubs3ilajXpDFTAB4zTrRz5eWKEyDkfhSjdUTJlN-aUbJDfBQZY2_-4-HTyY3bHby_Az4llD6J7lAT1dTdqI-sWtvQg8jeQ9jmIW9QDwmKX0H48jZvxoMvQ5jR5D7QWqaouhlxMIkptNV16x2dytU1akcp9zWpp2ocecyC3hOvd-c36Wj6ClMm0CwYAby73K_FlCwrmDXpGCpy5Yk%26dblcnt%3Dtrue%26user_num_adults%3D2%26pdtax%3D87.13%26pdt%3D408.96%26locale%3Den-us%26ad-src%3D","https://www.facebook.com/wyndhamhotels, https://www.instagram.com/wyndhamhotels/",Open 24 hours
"Holiday Inn Resort Fort Walton Beach, an IHG Hotel",+1 850-301-9000,ihg.com,"1299 Miracle Strip Pkwy SE, Fort Walton Beach, FL 32548, Sjedinjene Drave",1.46,"4,4",Vrijeme prijave: 16:00 - Vrijeme odjave: 11:00,", Besplatan WiFi, Doruak uz plaanje, Parking uz plaanje, Pristupano za invalide, Zatvoreni i otvoreni bazen, Klimatizirano, Poslovni centar, Pogodno za ljubimce, Pristup plai, Usluge u sobi, Pogodno za djecu, Restoran, Kuhinja u svim sobama, Prijevoz sa/do aerodroma, Vrela kupka, Fitnes centar, Bar, Nepuaki",2,"http://www.google.com/travel/clk?pc=AA80OsxA_r072AmWFnsZG0lwquBanfjWCharyp6jrvBzZotUTXJ3A4-_eu78YrOnL7LpJiNhOKYOdD3VL2VmWkxylBOYIwtQZpIkpYsVLO8s-i-9KXEAYwHUkiZa&pcurl=https://www.ihg.com/redirect?path%3Dasearch%26brandCode%3Drs%26localeCode%3Dbs%26regionCode%3DBA%26currency%3DUSD%26rate%3D212.33%26hotelCode%3DFWBBH%26checkInDate%3D01%26checkInMonthYear%3D032025%26checkOutDate%3D04%26checkOutMonthYear%3D032025%26numberOfAdults%3D2%26numberOfChildren%3D0%26rateCode%3D6CBARC%26numberOfRooms%3D1%26cm_mmc%3Dhpa_free_BA_desktop_FWBBH_mapresults_3_USD_2025-03-01_selected___FALSE_CSTNIGCOR%26glat%3DFREE%26selectedRatePlan%3DCSTNIGCOR%26shouldUseNewCRR%3Dtrue%26prid%3D%26partnerAdType%3Dfree%26userDeviceType%3Ddesktop%26userCountryCode%3DBA%26partnerAdSite%3Dmapresults%26partnerCurrencyCode%3DUSD%26partnerDateType%3Dselected%26userSelectedRatePlan%3DCSTNIGCOR%26partnerClickType%3Dhotel%26partnerVerification%3Dfalse%26userBookingWindow%3D-1%26partnerRateShown%3D212.33%26partnerTotalRateShown%3D1476.58%26adjustMonth%3Dtrue, http://www.google.com/travel/clk?pc=AA80OszkbHQoECdWDOcfSTyyt1G7MRBnnUmnzQWUE577EBeKOOzt7fc4PZ-Bynz1QIpcCC_3TDZSQGThP7Xq6f15Yi5DZQc-UOJyRXs0YFAyNKlAVZdU0bVWqAIBKF5ZHRIERJxe8ZIhFfQ&pcurl=https://www.priceline.com/r/?channel%3Dmeta%26product%3Dhotel%26theme%3Dghalistings%26refid%3DPLGOOGLEMSS%26refclickid%3DBA_HP%257C44407205_mapresults_3%257C20250301%257Cdesktop%257Cuserdate%7Cpublic%7C%7C%7C-1%257C2%257C0%7C0%7CEN%26hotelid%3D44407205%26checkin%3D20250301%26checkout%3D20250304%26rooms%3D1%26currency%3DUSD%26displayedCurr%3DBAM%26POSCountryCode%3DBA%26taxDisplayMode%3DBP%26cityID%3D3000003198%26adults%3D2%26land%3DL%26metaid%3DT18kBNJN0L0vEOB3r-AQ6krASQYOcbF3mzITRx0yvYnDsSKDVlzZOkB0ZpA2UjDLe4dFeyBsTizRgOgg6u79aFSBm4eQtQBXMNH3x1vW3t3_MKKjQIjlSdl_uBjqhM3nddc7SwriwRocm3EmDyBKxi2F04pR6xsdIhqBBf6a-_NU8jVskEhyQHWKQQTvGH1W3Ota4ILBFvQ0QORjFrvcOHlnRSGfNdZWT-75GhTRybRMOFAYg7rwhFcGw89eKZuIvqkB5_4iPCovrjwLaKNavA%26dblcnt%3Dtrue%26user_num_adults%3D2%26pdtax%3D185.59%26pdt%3D1382.99%26locale%3Den-us%26ad-src%3D",N/A,Open 24 hours
Hampton Inn Ft. Walton Beach,+1 850-301-0906,hilton.com,"1112 Santa Rosa Blvd, Fort Walton Beach, FL 32548, Sjedinjene Drave",812.0,"4,0",Vrijeme prijave: 16:00 - Vrijeme odjave: 11:00,", Besplatan WiFi, Besplatan doruak, Parking uz plaanje, Pristupano za invalide, Otvoreni bazen, Klimatizirano, Poslovni centar, Pogodno za ljubimce, Pristup plai, Pogodno za djecu, Restoran, Prijevoz sa/do aerodroma, Fitnes centar, Nepuaki",1,http://www.google.com/travel/clk?pc=AA80Osxsihihg_lAZ868C8CNlm-JAGkZSIvlTE-8hZ8fA0llISzCjVa_WiMgBbAJW5NL7NdzpRJnSuk3d47aQLIIMnpdgj7blips_TKcYtPq_GDmQDpRxWeKWvMBd5palpOqSTcaBuIQ_uM&pcurl=https://www.priceline.com/r/?channel%3Dmeta%26product%3Dhotel%26theme%3Dghalistings%26refid%3DPLGOOGLEMSS%26refclickid%3DBA_HP%257C1295205_mapresults_3%257C20250301%257Cdesktop%257Cuserdate%7Cpublic%7C%7C%7C-1%257C2%257C0%7C0%7CEN%26hotelid%3D1295205%26checkin%3D20250301%26checkout%3D20250304%26rooms%3D1%26currency%3DUSD%26displayedCurr%3DBAM%26POSCountryCode%3DBA%26taxDisplayMode%3DBP%26cityID%3D3000003198%26adults%3D2%26land%3DL%26metaid%3DgDUCX6VQ6mtxxSkYQvTgSAjZ61Fmq_uiGn8gIr7i9-gItmdQp3lUxfGOTTilr9oIsV8qtnyYUVe2yj_O-46zOQ3y-ztWF6tiwQCDO9Pj7_IMt44NQDfolbJKS7fPrbICCq5yg2eXEVppNkigVZHjRc0ea56FddWcsoI4BMFdclIEXrJ9Azlg4vH_Jk-wXyGeD3V4kScnlYKJOr8sB4zi0pR0G_JC1KoJvc1VHM2cTtmK8pv3nL6AR97hggHseYni2ErUTBTWDGcpxmWuCmzlGQ%26dblcnt%3Dtrue%26user_num_adults%3D2%26pdtax%3D103.59%26pdt%3D900.60%26locale%3Den-us%26ad-src%3D,"https://www.facebook.com/hiltonnewsroom/, https://twitter.com/hiltonnewsroom, https://www.instagram.com/hiltonnewsroom/",Open 24 hours
Destin Inn & Suites,+1 850-650-2236,rapidhotels.com,"713 Harbor Blvd, Destin, FL 32541, Sjedinjene Drave",825.0,"3,8",Vrijeme prijave: 16:00 - Vrijeme odjave: 11:00,", Besplatan WiFi, Doruak, Besplatan parking, Pristupano za invalide, Otvoreni bazen, Klimatizirano, Pogodno za ljubimce, Pogodno za djecu, Restoran, Kuhinja u svim sobama, Prijevoz sa/do aerodroma, Fitnes centar, Nepuaki",3,"http://www.google.com/travel/clk?pc=AA80OsyFoM2J21S4Nn6v3vBeikhAMytKwsbshjQmCho3f5GFyjrFWQtDS19F5EljWscB5ZQIDRqj9mqjPSx0sMIGoES9CFiHZv19-35hvHeL76D9KB5ZtIme-2NdDc3ql0qd&pcurl=https://live.ipms247.com/booking/searchroom_ghf.php?HotelId%3D11953%26checkin%3D2025-03-01%26nonights%3D3%26adults%3D2%26children%3D0, http://www.google.com/travel/clk?pc=AA80OswUXTtOCpGRK7Z9XFun5Hgoie-xqn89vpoUXUsYSW62sj-8lREeeU_wr2sMcNlQN7BjWoszNxFB0JL3eOymjVmFG_luxkBu3sL1c3ep1_QlPyyJmTC1S8dJqfAT0fQ_EGtInN_mfsA&pcurl=https://www.priceline.com/r/?channel%3Dmeta%26product%3Dhotel%26theme%3Dghalistings%26refid%3DPLGOOGLEMSS%26refclickid%3DBA_HP%257C4064805_mapresults_3%257C20250301%257Cdesktop%257Cuserdate%7Cpublic%7C%7C%7C-1%257C2%257C0%7C0%7CEN%26hotelid%3D4064805%26checkin%3D20250301%26checkout%3D20250304%26rooms%3D1%26currency%3DUSD%26displayedCurr%3DBAM%26POSCountryCode%3DBA%26taxDisplayMode%3DBP%26cityID%3D3000003167%26adults%3D4%26land%3DL%26metaid%3DmjhXY1-Dt0COHJbwSY83gt8WBgJLgsebFfGSJ9BDSIXRyRw63cIuU5zxpnq34ZN0F8MMPZAOw6a6FWk7u3XfRq6nd7-CVYyIguvHjPCSBeBV0Rkox8aiIA0ift0jbui_N7HpPPGJtuvpkO4uvb7tzB7KH5dHss8-myZ3ATEk5CRKltHtYnV9DgpFdha-GNCpeKNcAkZ60YFHajuQmjaGMPyZWALyNfVoDEEMbHksaG-2RoL21Bvww7FACQgZZu5DUjWG9Ib1STCj2vS4Gb-5Y4O3HFvqzo2S_atAIsY8EyjYH44B7SYtg8dAn8Fx9ThsXRe_1joqZ5AyQ6UoFZcBrS8Ydpl2GkK5HdtAotQhvp4IB8JKK47-5MQFoMAak8bv3Q7nHyhBvE5CP7ssAAoDGw%26dblcnt%3Dtrue%26user_num_adults%3D2%26pdtax%3D46.41%26pdt%3D452.05%26locale%3Den-us%26ad-src%3D, http://www.google.com/travel/clk?pc=AA80OsyBTrXcByYqPQagOK64ghgZ7oY4m8EOE6X1zeKDR1Ow6gUvETID4xaPrzPua-5Unp9pJGBmR9_5WabrAkxWN7wR0zo-AVuTcs5b_nO5SiUnX3zMw34hw_qRKka2w841E4P3qnYYjIaYmGev03Aa-P9fynrL0TDieQ&pcurl=https://m.hktuyitrip.com/hotel-detail?hotelId%3Dh1329736053015187456%26roomId%3Dr1329736053073907713%26planId%3Dr1329736053073907713_2%5C_2%5C_2%5C_4%5C_3%5C_w%5C_p%5C_m%5C_252242772%26checkIn%3D2025-03-01%26checkOut%3D2025-03-04%26adult%3D2%26children%3D0%26age%3D%26userDevice%3Ddesktop%26googleSite%3Dmapresults%26userCurrency%3DBAM%26userCountry%3DBA%26userLanguage%3Dbs%26userTotal%3D439.06",N/A,Open 24 hours
Village Inn of Destin,+1 850-837-7413,villageinndestin.com,"215 Harbor Blvd, Destin, FL 32541, Sjedinjene Drave",1.248,"3,7",Vrijeme prijave: 16:00 - Vrijeme odjave: 11:00,", Besplatan WiFi, Besplatan doruak, Besplatan parking, Pristupano za invalide, Otvoreni bazen, Klimatizirano, Pogodno za ljubimce, Pogodno za djecu, Restoran, Prijevoz sa/do aerodroma, Fitnes centar, Nepuaki",1,http://www.google.com/travel/clk?pc=AA80Osx129ligh8pApNWAyHQL_qx2TZ0dAV0lTK37MX5z8KUOxeQ-3_LPZ0wCAFiSBf07XnxQyfj1YVodCdwB7yUgOfQqaC0F9997-RJB7Ig5aHS3bpnV2ilDM0jNZ3G_714bErKr0-O5A4&pcurl=https://www.priceline.com/r/?channel%3Dmeta%26product%3Dhotel%26theme%3Dghalistings%26refid%3DPLGOOGLEMSS%26refclickid%3DBA_HP%257C8624305_mapresults_3%257C20250301%257Cdesktop%257Cuserdate%7Cpublic%7C%7C%7C-1%257C2%257C0%7C0%7CEN%26hotelid%3D8624305%26checkin%3D20250301%26checkout%3D20250304%26rooms%3D1%26currency%3DUSD%26displayedCurr%3DBAM%26POSCountryCode%3DBA%26taxDisplayMode%3DBP%26cityID%3D3000003167%26adults%3D2%26land%3DL%26metaid%3Dq_V1pGwWOf-WLkRZx_GqmkR_bG-XmXE9REQmyn5KpVH3q6Xb3xegOr4Cx5cJGJg4S9BXkotpFzcNPJo0nNWii3Ad6wQjHsWOCbk-39sn-Ht75YY3pwlIEzuOQMBbOUwXQYK6mApMcV0ulM1Glfp_7XvPJrZDeXTtB6i7dT5Pr01P1py1fcZ1IrbkR1sWyGcxueIfu2qu_HKt_qf12kb8ZP03NVF95KmDEd2hOA9C1qQpN9aojy3SW6kVWM1eBRKIYX4R37bZXBCz8ZEDxGQGpgZ5lAIB9GNlgyqulBnIya4%26dblcnt%3Dtrue%26user_num_adults%3D2%26pdtax%3D82.22%26pdt%3D420.58%26locale%3Den-us%26ad-src%3D,"https://www.facebook.com/The-Village-Inn-of-Destin-470985086289975/, https://www.facebook.com/The-Village-Inn-of-Destin-470985086289975/",Open 24 hours
Sleep Inn & Suites Niceville - Destin,+1 850-897-0600,choicehotels.com,"4577 E Hwy 20, Niceville, FL 32578, Sjedinjene Drave",268.0,"4,1",Vrijeme prijave: 15:00 - Vrijeme odjave: 11:00,", Besplatan WiFi, Besplatan doruak, Besplatan parking, Pristupano za invalide, Zatvoreni i otvoreni bazen, Klimatizirano, Poslovni centar, Pogodno za ljubimce, Pogodno za djecu, Restoran, Prijevoz sa/do aerodroma, Vrela kupka, Fitnes centar, Golf teren, Nepuaki",3,"http://www.google.com/travel/clk?pc=AA80Osyovhxwa5zVQ9wBgfChsOT0wn7PjueY5-EJtmQ-iY7jNaaX3WOyGhGaO9wOp5goKUKhjXrQJz9aQmSkmiXfJi4t1jmNmXGyYc0gmsIGRxaCnWmPRgjq-Tv_JvvMQ4sfsK1R2pQHSuE&pcurl=https://www.priceline.com/r/?channel%3Dmeta%26product%3Dhotel%26theme%3Dghalistings%26refid%3DPLGOOGLEMSS%26refclickid%3DBA_HP%257C41623_mapresults_3%257C20250301%257Cdesktop%257Cuserdate%7Cpublic%7C%7C%7C-1%257C2%257C0%7C0%7CEN%26hotelid%3D41623%26checkin%3D20250301%26checkout%3D20250304%26rooms%3D1%26currency%3DUSD%26displayedCurr%3DBAM%26POSCountryCode%3DBA%26taxDisplayMode%3DBP%26cityID%3D3000003329%26adults%3D4%26land%3DL%26metaid%3Dph4mKZUP85LttgydJSfmXgE3Kc_CebU6RyMORtzPDBSNSS6FY_vnJtZLApD4vd-Iwt3Z3Ron97qNN2lG55kKSyR53NEfp5dlEnEHIEFLHKuRznV0S5TPfTrVoimQA-L2cqxqj0S5NoHa6ypsFhpzKw4Z1dHkXY_NsDp2FIuEU_1lCXe5DraBmyHd0W4ElczCg0bTGZKF2PexeM-DhX7m0Qp3EuFBP1qcsh4Jz-Kvdd53usv563EYLjTGnp_42DqX0MFDhrM0HLAFkrQIR6J-Rg%26dblcnt%3Dtrue%26user_num_adults%3D2%26pdtax%3D51.21%26pdt%3D477.82%26locale%3Den-us%26ad-src%3D, http://www.google.com/travel/clk?pc=AA80Osw_5wbYqMiA981fP2Sw_p0k-sKXOFC76TNyWFsf_EsjWUdRk2EZ-8QzCLor0cTcq2pn7I2uNQ6pNac7Pmc79jkx9eP_4xpUaQIjW1n8S6tsJbwJUukmIll5iZ9rB1QlU0M4RNYtHvE6pQ&pcurl=https://www.booking.com/hotel/us/highway-east-niceville.html?checkin%3D2025-03-01%26checkout%3D2025-03-04%26group_adults%3D2%26req_adults%3D2%26show_room%3D53247750_369911690_4_1_0%26lang%3Dbs%26selected_currency%3DBAM%26exrt%3D1.87977290%26ext_price_total%3D477.81%26ext_price_tax%3D51.19%26xfc%3DUSD%26hca%3Dm%26group_children%3D0%26req_children%3D0%26%26ts%3D1740879856%26no_rooms%3D1%26edgtid%3DKjW7U0VaQh-bFB5dqXqLPQ%26efpc%3DImuVolSxii8%26utm_source%3Dmetagha%26utm_medium%3Dmapresults%26utm_campaign%3DBA%26utm_term%3Dhotel-532477%26utm_content%3Ddev-desktop_los-3_bw--1_dow-Saturday_defdate-0_room-0_gstadt-2_rateid-public_aud-0_gacid-_mcid-10_ppa-0_clrid-0_ad-0_gstkid-0_checkin-20250301_ppt-%26aid%3D2127708%26label%3Dmetagha-link-MRBA-hotel-532477_dev-desktop_los-3_bw--1_dow-Saturday_defdate-0_room-0_gstadt-2_rateid-public_aud-0_gacid-_mcid-10_ppa-0_clrid-0_ad-0_gstkid-0_checkin-20250301_ppt-, http://www.google.com/travel/clk?pc=AA80Oswi3BcSrlrtYU1nq95QEmoeK7hRkPGj7465gcvN_0i8207v4ws8MOfX36Vti4qa7tUT9B0W7pJ18kuw5fx-GBQRs6YOeY8wR9Bk-U-pyTaEyxNp21TAe10N06IVjMyWs5GLqzoPgXSkG3I8Ukq5lJ6_0Ma1e6pfSQ&pcurl=https://m.hktuyitrip.com/hotel-detail?hotelId%3Dh1329737281845596160%26roomId%3Dr1329737282046922752%26planId%3Dr1329737282046922752_2%5C_2%5C_3%5C_4%5C_1%5C_w%5C_p%5C_m%5C_393515109%26checkIn%3D2025-03-01%26checkOut%3D2025-03-04%26adult%3D2%26children%3D0%26age%3D%26userDevice%3Ddesktop%26googleSite%3Dmapresults%26userCurrency%3DBAM%26userCountry%3DBA%26userLanguage%3Dbs%26userTotal%3D479.96",N/A,Open 24 hours
Quality Inn Fort Walton Beach - Destin West,+1 850-275-0300,choicehotels.com,"322 Miracle Strip Pkwy SW, Fort Walton Beach, FL 32548, Sjedinjene Drave",451.0,"2,8",Vrijeme prijave: 16:00 - Vrijeme odjave: 11:00,", Besplatan WiFi, Besplatan doruak, Besplatan parking, Pristupano za invalide, Zatvoreni i otvoreni bazen, Klimatizirano, Poslovni centar, Pogodno za ljubimce, Pogodno za djecu, Restoran, Prijevoz sa/do aerodroma, Vrela kupka, Fitnes centar, Nepuaki",1,http://www.google.com/travel/clk?pc=AA80OswZ7Maiu9t_gg49BcNSFz1sSMrwE11vAEGPzprcO9IMHvZWb0WBrTy0Ze9v5fN7ihq75WlLAx_KfDxWFqvWV8hYYcA5ES7HvWyY1hyEikteq2y7egq2hauxYYEWauZXWWFqYI3Gjhk&pcurl=https://www.priceline.com/r/?channel%3Dmeta%26product%3Dhotel%26theme%3Dghalistings%26refid%3DPLGOOGLEMSS%26refclickid%3DBA_HP%257C5055405_mapresults_3%257C20250301%257Cdesktop%257Cuserdate%7Cpublic%7C%7C%7C-1%257C2%257C0%7C0%7CEN%26hotelid%3D5055405%26checkin%3D20250301%26checkout%3D20250304%26rooms%3D1%26currency%3DUSD%26displayedCurr%3DBAM%26POSCountryCode%3DBA%26taxDisplayMode%3DBP%26cityID%3D3000003198%26adults%3D2%26land%3DL%26metaid%3DThiSLKr-_z5nzPqm-rBI9ywqcUhgSPe7nW1PJhlUCEspYn1W9p7dfmAm3Wu4aJapH3uiQPq0p6UcnsS7YCnVC_Oc4jsEb4uIFLdLM-o4ftsojiR2qe62jV04dHuNTUAwHojorcpaam_UaRkXH4FzjNRqfw_U83ZY_Vz4uXHlTgeYMiMq91PB8D67NeBTAK2Fn1tbRu0u0Etg7y8Wjlb4wRt8CimnFj7tjLTT1fSR1NViinV4tRb4Nbev5DpiflQBfWf1DoIp51FtnOpwjOlI7w%26dblcnt%3Dtrue%26user_num_adults%3D2%26pdtax%3D85.38%26pdt%3D481.26%26locale%3Den-us%26ad-src%3D,N/A,Open 24 hours
Hilton Garden Inn Ft. Walton Beach,+1 850-362-1000,hilton.com,"1297 Miracle Strip Pkwy SE, Fort Walton Beach, FL 32548, Sjedinjene Drave",1.849,"4,4",Vrijeme prijave: 16:00 - Vrijeme odjave: 11:00,", Besplatan WiFi, Doruak uz plaanje, Besplatan parking, Pristupano za invalide, Zatvoreni i otvoreni bazen, Klimatizirano, Poslovni centar, Pogodno za ljubimce, Pristup plai, Usluge u sobi, Pogodno za djecu, Restoran, Prijevoz sa/do aerodroma, Vrela kupka, Fitnes centar, Bar, Nepuaki",2,"http://www.google.com/travel/clk?pc=AA80OsylJ39v9t5itTRwmlF07rtirZu-b24j8k868g4DLtS-25Qdxol8X2da9w3hXU1Mev5fDnT_GGutzyIS6-NDOkHP3sG0oVTEe9ucP618KHhGWLEVDumqajqzb_HnLm_Lf2aTLS9J0Lv20A&pcurl=https://www.booking.com/hotel/us/hilton-garden-inn-ft-walton-beach.html?checkin%3D2025-03-01%26checkout%3D2025-03-04%26group_adults%3D2%26req_adults%3D2%26show_room%3D218815514_334740385_2_2_0%26lang%3Dbs%26selected_currency%3DBAM%26exrt%3D1.87977290%26ext_price_total%3D1252.14%26ext_price_tax%3D175.03%26xfc%3DUSD%26hca%3Dm%26group_children%3D0%26req_children%3D0%26%26ts%3D1740899528%26no_rooms%3D1%26edgtid%3DcGdq2mMLTfm2LFXazqugJw%26efpc%3DVzsApmaxGi8%26utm_source%3Dmetagha%26utm_medium%3Dmapresults%26utm_campaign%3DBA%26utm_term%3Dhotel-2188155%26utm_content%3Ddev-desktop_los-3_bw--1_dow-Saturday_defdate-0_room-0_gstadt-2_rateid-public_aud-0_gacid-_mcid-10_ppa-0_clrid-0_ad-0_gstkid-0_checkin-20250301_ppt-%26aid%3D2127708%26label%3Dmetagha-link-MRBA-hotel-2188155_dev-desktop_los-3_bw--1_dow-Saturday_defdate-0_room-0_gstadt-2_rateid-public_aud-0_gacid-_mcid-10_ppa-0_clrid-0_ad-0_gstkid-0_checkin-20250301_ppt-, http://www.google.com/travel/clk?pc=AA80Osw40RRvXcnuNwi96EYavuvH64DTwno5Ld01TI2qvnLB5Tmxyx2YOI3BKYsDJMsb2729kwASMW_klTq5nFmuBbq_iMc_YbqBrq-zL_EMFKCwYGB1hCZBmq-CeDhpQKO8n2BLIwVFvSo&pcurl=https://www.priceline.com/r/?channel%3Dmeta%26product%3Dhotel%26theme%3Dghalistings%26refid%3DPLGOOGLEMSS%26refclickid%3DBA_HP%257C50671806_mapresults_3%257C20250301%257Cdesktop%257Cuserdate%7Cpublic%7C%7C%7C-1%257C2%257C0%7C0%7CEN%26hotelid%3D50671806%26checkin%3D20250301%26checkout%3D20250304%26rooms%3D1%26currency%3DUSD%26displayedCurr%3DBAM%26POSCountryCode%3DBA%26taxDisplayMode%3DBP%26cityID%3D3000003198%26adults%3D2%26land%3DL%26metaid%3DD6jom1PWZZ0-CXU8buckudhfL4W-VyEgkL_ZdHcjwda6bw1DS8AZaMaBjH6QJ5Jw9qBfAwpSsVVINAuB8-t2fmMTmi10vD6Gpby8MosSt1VACYvAizwOGNk9iDrzOTLfsc28-wiVkufcoZdGuLnnM84FallEUj_Mr_qn_c06rQxNjOAaEHEYdFaDJC_Zm68cQ5eqWffF-RExj35K75U8aD-nyA772IY_iFQ4eHdO4SpVWL-6tpe8tBoQK1JT4o7kvuoTrxt4kQdxtI_KOJQTdA%26dblcnt%3Dtrue%26user_num_adults%3D2%26pdtax%3D175.03%26pdt%3D1252.14%26locale%3Den-us%26ad-src%3D","https://www.facebook.com/hiltonnewsroom/, https://twitter.com/hiltonnewsroom, https://www.instagram.com/hiltonnewsroom/",Open 24 hours
Club Destin,+1 850-654-4700,clubdestin.com,"1085 US-98, Destin, FL 32541, Sjedinjene Drave",825.0,"4,0",Vrijeme prijave: 16:00 - Vrijeme odjave: 10:00,", Besplatan WiFi, Besplatan parking, Pristupano za invalide, Zatvoreni i otvoreni bazen, Klimatizirano, Pogodno za ljubimce, Pristup plai, Pogodno za djecu, Kuhinje u nekim sobama, Prijevoz sa/do aerodroma, Vrela kupka, Fitnes centar, Golf teren, Nepuaki",1,http://www.google.com/travel/clk?pc=AA80OsyjKODBYQfrdYJmlZvPyqTfda6Jj-4K8smRccj32POJnQaBVb8rq_sF5ru_YrrrsN6DW3ohiFi_ybOWPAY9mFqYaz9_whP8owWr7xUwAbfOMEJ-pojaNX_Q-WkodmcR7ddmCk1X1xA&pcurl=https://www.priceline.com/r/?channel%3Dmeta%26product%3Dhotel%26theme%3Dghalistings%26refid%3DPLGOOGLEMSS%26refclickid%3DBA_HP%257C171336104_mapresults_3%257C20250301%257Cdesktop%257Cuserdate%7Cpublic%7C%7C%7C-1%257C2%257C0%7C0%7CEN%26hotelid%3D171336104%26checkin%3D20250301%26checkout%3D20250304%26rooms%3D1%26currency%3DUSD%26displayedCurr%3DBAM%26POSCountryCode%3DBA%26taxDisplayMode%3DBP%26cityID%3D3000003167%26adults%3D2%26land%3DL%26metaid%3DwX05ta1TSdV0HrIq6drZmubiL5OC_NS0W-mPFzqNzHQrt-taC8v0s9Vhx_mkLPHGbKEpLyQyCPoN-CsSRUcs8LSuLbRfXla4nHqfyq53l0KSPsSLFRJBXipwE2_l56I3zTMYDYxxxv_xcCdlmTFhIzRUqIhR5o2WXDtjWLGm_QGkICcY6GyBsn-KoiN0lYClhOTf-e21KfV4EJJtFGTmAcTkDdnAwbSBFqdNla8RLoz9Pk23hdVgjDJRb5jlLOCDjRKWTtZKcO6ARXXYYWsnr7kZlRG6g8Wvcqgh-rt9568%26dblcnt%3Dtrue%26user_num_adults%3D2%26pdtax%3D111.00%26pdt%3D556.51%26locale%3Den-us%26ad-src%3D,https://www.facebook.com/clubdestincondos,Open 24 hours
Hilton Grand Vacations Club in Sandestin Golf and Beach Resort,+1 850-622-3400,hilton.com,"8626 Baytowne Ave, Destin, FL 32550, Sjedinjene Drave",570.0,"4,6",Vrijeme prijave: 16:00 - Vrijeme odjave: 10:00,", Besplatan WiFi, Doruak uz plaanje, Besplatan parking, Pristupano za invalide, Otvoreni bazen, Klimatizirano, Praonica rublja, Poslovni centar, Pogodno za ljubimce, Pogodno za djecu, Restoran, Kuhinje u nekim sobama, Prijevoz sa/do aerodroma, Vrela kupka, Fitnes centar, Nepuaki",1,http://www.google.com/travel/clk?pc=AA80OsxgctQMRZ3hP1FcCOF1-7gn7QbKmxl4Cuva9NzS9EU9nuyj0aMfPwoW18z_LZUApoux_NrwpCUDcfOpGlHaEYtUJgbuR3gzugpAO--40bER8kBvYKu_YfN29MVQP0MEpA3JZVpa52U&pcurl=https://www.priceline.com/r/?channel%3Dmeta%26product%3Dhotel%26theme%3Dghalistings%26refid%3DPLGOOGLEMSS%26refclickid%3DBA_HP%257C66643305_mapresults_3%257C20250301%257Cdesktop%257Cuserdate%7Cpublic%7C%7C%7C-1%257C2%257C0%7C0%7CEN%26hotelid%3D66643305%26checkin%3D20250301%26checkout%3D20250304%26rooms%3D1%26currency%3DUSD%26displayedCurr%3DBAM%26POSCountryCode%3DBA%26taxDisplayMode%3DBP%26cityID%3D3000090047%26adults%3D4%26land%3DL%26metaid%3DXWH2Tz-ZmTVbQz0qjaOmU6OQDWXqrais9lk2oiMSNlYwhpdG5RC3C2aVwfiAzmk72_z8iBjgBj47qZAIVayIX8Keblwly2UnRnNTgibLLlPBHHYI52aTTSSTGybWSzouW5yT8kYS7po0mcJ1Pqmhy1gQ11w8w4uvBJcubZo0Fb0TX7Ng5hBAdm0a-CMztXiFulGywroSCXfuZMDXtfpP4LpHuGfkSLxfOfXH-_5db_-jGLANziDc-bNcHI6czh1FVEDAtC6W2mf5XoufD6VUGmn2Ng9dsDjDU_JaGzkVNGYNO2_aUvqs327yzz90doe_GFX71RhEiw1Z7Ig-4cv5EXaHmDB5fQiDO7Yn5ohXnRA%26dblcnt%3Dtrue%26user_num_adults%3D2%26pdtax%3D342.19%26pdt%3D1351.63%26locale%3Den-us%26ad-src%3D,"https://www.facebook.com/hiltonnewsroom/, https://twitter.com/hiltonnewsroom, https://www.instagram.com/hiltonnewsroom/",Open 24 hours
Spark by Hilton Destin,+1 850-650-9191,hilton.com,"4415 Commons Dr E, Destin, FL 32541, Sjedinjene Drave",7.0,"4,0",Vrijeme prijave: 15:00 - Vrijeme odjave: 12:00,", Besplatan WiFi, Besplatan doruak, Besplatan parking, Pristupano za invalide, Otvoreni bazen, Klimatizirano, Poslovni centar, Pogodno za ljubimce, Pogodno za djecu, Restoran, Vrela kupka, Fitnes centar, Nepuaki",4,"http://www.google.com/travel/clk?pc=AA80OszFJdtuvgoZCEoe_B66Do3A1VsyEtuUY6n4AYgfpr56U5qm2wPeb7u02RbzTx1iMxFIj_WGB4ngDy_XMCsSNE6pdsBAfPBmKGhQw0E_MeYk8lyz8HlNsR3brwu9Hw9M0SvhrDatriFD3bUJbtbo2755Azkwa8PUQQ&pcurl=https://m.hktuyitrip.com/hotel-detail?hotelId%3Dh1329736575096983552%26roomId%3Dr1329736575772266496%26planId%3Dr1329736575772266496_2%5C_2%5C_3%5C_2%5C_1%5C_w%5C_p%5C_m%5C_398919572%26checkIn%3D2025-03-01%26checkOut%3D2025-03-04%26adult%3D2%26children%3D0%26age%3D%26userDevice%3Ddesktop%26googleSite%3Dmapresults%26userCurrency%3DBAM%26userCountry%3DBA%26userLanguage%3Dbs%26userTotal%3D429.67, http://www.google.com/travel/clk?pc=AA80OsxEEIsxZqZrT-ur9WMdZH83r4WadOlmwI0X2OnKWtZEOQ_Sc9UPAUgZYJntjZYQNEmNJHf__PTNCMBk7CVj0v_KzPsBW5Gw0A4i26Mu-qOGkwnxNV35qG-NAJtbnhQosr6Y7OmI2l-OYA&pcurl=https://www.booking.com/hotel/us/destin.html?checkin%3D2025-03-01%26checkout%3D2025-03-04%26group_adults%3D2%26req_adults%3D2%26show_room%3D51332243_406985849_2_1_0%26lang%3Dbs%26selected_currency%3DBAM%26exrt%3D1.87977290%26ext_price_total%3D533.16%26ext_price_tax%3D61.34%26xfc%3DUSD%26hca%3Dm%26group_children%3D0%26req_children%3D0%26%26ts%3D1740894814%26no_rooms%3D1%26edgtid%3DYvGq-tUqR0S4CJemqiI89Q%26efpc%3DJRsAooO2Oi8%26utm_source%3Dmetagha%26utm_medium%3Dmapresults%26utm_campaign%3DBA%26utm_term%3Dhotel-513322%26utm_content%3Ddev-desktop_los-3_bw--1_dow-Saturday_defdate-0_room-0_gstadt-2_rateid-public_aud-0_gacid-_mcid-10_ppa-0_clrid-0_ad-0_gstkid-0_checkin-20250301_ppt-%26aid%3D2127708%26label%3Dmetagha-link-MRBA-hotel-513322_dev-desktop_los-3_bw--1_dow-Saturday_defdate-0_room-0_gstadt-2_rateid-public_aud-0_gacid-_mcid-10_ppa-0_clrid-0_ad-0_gstkid-0_checkin-20250301_ppt-, http://www.google.com/travel/clk?pc=AA80OszEn5H5Zk0WmgeW2o-HukUNTJGAl9aofdc5k6XkfNexuTagPumuer1jygQ6rWxcnt8UdVzdocRowfM1Oagkz4dTdRFFAOgIX5n3BtveQA8wpiiV5wMjQ-AKWVRObBp4--Y_Ml0lrAk&pcurl=https://www.priceline.com/r/?channel%3Dmeta%26product%3Dhotel%26theme%3Dghalistings%26refid%3DPLGOOGLEMSS%26refclickid%3DBA_HP%257C43824_mapresults_3%257C20250301%257Cdesktop%257Cuserdate%7Cpublic%7C%7C%7C-1%257C2%257C0%7C0%7CEN%26hotelid%3D43824%26checkin%3D20250301%26checkout%3D20250304%26rooms%3D1%26currency%3DUSD%26displayedCurr%3DBAM%26POSCountryCode%3DBA%26taxDisplayMode%3DBP%26cityID%3D3000003167%26adults%3D2%26land%3DL%26metaid%3DSbCkpihE_8Yuk9HkxJS1nLFv_JDbNmXAisPat4pLcfTWF8XfiZPKwH0REwqhOFh0tcrM0TOeBdXWjNMbQglU45oSMVJTozLqJHUXhDCCs9E87UHLjrimXHSluM8oypdLSO3OqnyhnJctTu4CeEZU2661vdC7wJSUKwaiAkj6EXbrBSNDiSeaJi0fS-Z1y0V2lm29lNhlRlR6OYfWD5_g4ifbhx9K8Yd0euDm4rNQRa4re13U2U35i6K2oGitUkjNR1q7qKM8ffboJgFUij1m33AqseHVy-Da4yIW5OVx-OqvuItprN270zKqafchSTDxA9LJh73grZzGSh9ZphlI5nweuDQAE2oYH8jdzQ1Jyas%26dblcnt%3Dtrue%26user_num_adults%3D2%26pdtax%3D61.36%26pdt%3D533.20%26locale%3Den-us%26ad-src%3D, http://www.google.com/travel/clk?pc=AA80Oszy5LCrUyxx94JpXUOf91AKyt-BMhBc0x7A1lN3PUi464m_Zq9oXGUngB8aePTJwvacrRhRmiO_jutLXBOIaiIPJhlCoihM9QoYK_NV6z_sYqj1sMMqPOnrfFaUAMBkJZge&pcurl=https://www.hoteltonight.com/s/destin-fl/214250?checkInDate%3D03/01/2025%26checkOutDate%3D03/04/2025%26currency%3DBAM%26language%3Dbs%26utm_campaign%3DGoogle-Meta_%26utm_source%3DGoogle-Meta%26utm_medium%3Dcpc%26utm_term%3Ddestin-fl%26utm_content%3D214250%26utm_adgroup%3Ddestin-fl%26utm_creative%3D214250%26utm_verifier%3Dfalse%26utm_total_price%3D578.97%26utm_num_nights%3D3%26utm_tax%3D67.67%26utm_device%3Ddesktop%26google_meta_device%3Ddesktop","https://www.facebook.com/hiltonnewsroom/, https://twitter.com/hiltonnewsroom, https://www.instagram.com/hiltonnewsroom/",Open 24 hours
Fairfield Inn & Suites Fort Walton Beach-West Destin,+1 850-244-5555,marriott.com,"540 Santa Rosa Blvd, Fort Walton Beach, FL 32548, Sjedinjene Drave",708.0,"4,4",Vrijeme prijave: 16:00 - Vrijeme odjave: 11:00,", Besplatan WiFi, Besplatan doruak, Besplatan parking, Pristupano za invalide, Otvoreni bazen, Klimatizirano, Poslovni centar, Pogodno za ljubimce, Pristup plai, Pogodno za djecu, Restoran, Prijevoz sa/do aerodroma, Fitnes centar, Nepuaki",4,"http://www.google.com/travel/clk?pc=AA80OswfZk4Zjd0W3BUz9wImVcGhRfxY7jPxV9ZF2blx1j0C4HXtzaFK0pstdePgnIfEovZsJwXPLzwUSTJki6u6_2NMtGfp3kjaIj232SUQWDXtDtN06lonjgQxJGrkTDr8Si4&pcurl=https://marriottclk.koddi.com/clk?destination%3Dhttps%253A%252F%252Fad.doubleclick.net%252Fclk%253B269275299%253B95398642%253Bk%253Bu%253Dkoddi%2526sv2%253Dkoddi_hpa_BA_VPSWB_mapresults_3_desktop_03/01/2025_non-distributable__selected___organic%253Fhttps%253A%252F%252Fwww.marriott.com%252Freservation%252FavailabilitySearch.mi%253Fcid%253DOMS_GLB0002Y27_GLE00070C9_GLF000C1AH%2526pId%253D%2526isSearch%253Dfalse%2526propertyCode%253DVPSWB%2526fromDate%253D03%252F01%252F2025%2526toDate%253D03%252F04%252F2025%2526numberOfRooms%253D1%2526numberOfGuests%253D2%2526currency%253DBAM, http://www.google.com/travel/clk?pc=AA80Osy02YrgRd6z8c2ibcRWSJJme7BSXuWaru-v0domJyJ5bcrZQuiw6LOKbDo8UVJ2hLLWEMP0L60Wsk3bNnymz30VCjUWWwTShJf9J10M5m13Yz17VKa5d4Mlrk8WmWX25vKO7Kxvst0a5IbSBY9gYIXF9CaoaA_wdg&pcurl=https://m.hktuyitrip.com/hotel-detail?hotelId%3Dh1329736246687174656%26roomId%3Dr1329736246741700608%26planId%3Dr1329736246741700608_2%5C_2%5C_3%5C_2%5C_3%5C_w%5C_p%5C_m%5C_203936201%26checkIn%3D2025-03-01%26checkOut%3D2025-03-04%26adult%3D2%26children%3D0%26age%3D%26userDevice%3Ddesktop%26googleSite%3Dmapresults%26userCurrency%3DBAM%26userCountry%3DBA%26userLanguage%3Dbs%26userTotal%3D983.68, http://www.google.com/travel/clk?pc=AA80Osy9TJvGIvFdLK0ASfGb1MkIiIOwo03Si9Omdn400QdIEKITyPAD_hSBB93l5JDYlVys9BGHTqrAXC_6wQMB-luYO6ylwSa8HryNpPDAV41PyhHCrobs3xNnIySSLcGJkzkLY8FFpEvbyw&pcurl=https://www.booking.com/hotel/us/fairfield-inn-amp-suites-by-marriott-fort-walton-beach-west-destin.html?checkin%3D2025-03-01%26checkout%3D2025-03-04%26group_adults%3D2%26req_adults%3D2%26show_room%3D114831302_246432605_0_1_0%26lang%3Dbs%26selected_currency%3DBAM%26exrt%3D1.87977290%26ext_price_total%3D1087.56%26ext_price_tax%3D125.12%26xfc%3DUSD%26hca%3Dm%26group_children%3D0%26req_children%3D0%26%26no_rooms%3D1%26ts%3D1740888986%26%26utm_source%3Dmetagha%26utm_medium%3Dmapresults%26utm_campaign%3DBA%26utm_term%3Dhotel-1148313%26utm_content%3Ddev-desktop_los-3_bw--1_dow-Saturday_defdate-0_room-0_gstadt-2_rateid-0_aud-0_gacid-_mcid-10_ppa-0_clrid-0_ad-0_gstkid-0_checkin-20250301_ppt-%26aid%3D2127708%26label%3Dmetagha-link-MRBA-hotel-1148313_dev-desktop_los-3_bw--1_dow-Saturday_defdate-0_room-0_gstadt-2_rateid-0_aud-0_gacid-_mcid-10_ppa-0_clrid-0_ad-0_gstkid-0_checkin-20250301_ppt-, http://www.google.com/travel/clk?pc=AA80OszhV0j6ql-hg5DEEYs3VijzVMBif4DubSRKKFOtFS1aLqWK3rHhM_PfsD3EbDBqB8LYIyKIf2-96-2VVCNmFjwd6zw25t4Hu5GoAbskIEtlP7YEkzss_Q3bYk6pMtkQtDkgc-R97xc&pcurl=https://www.priceline.com/r/?channel%3Dmeta%26product%3Dhotel%26theme%3Dghalistings%26refid%3DPLGOOGLEMSS%26refclickid%3DBA_HP%257C14933703_mapresults_3%257C20250301%257Cdesktop%257Cuserdate%7Cpublic%7C%7C%7C-1%257C2%257C0%7C0%7CEN%26hotelid%3D14933703%26checkin%3D20250301%26checkout%3D20250304%26rooms%3D1%26currency%3DUSD%26displayedCurr%3DBAM%26POSCountryCode%3DBA%26taxDisplayMode%3DBP%26cityID%3D3000003198%26adults%3D4%26land%3DL%26metaid%3D4461XFX8Vxo3sWJhM9KiNHe6TNoefaIHbKUXOBZ1bOHgZ2yuKXS3pojai0uIFZAtZ0i8yEhCdcDL6wil6J0WEcxt1z7IKhmJBmtfcCvayRLMyBFf_L8v472C5Ugpufi7M70hcNCaPixXbkyZic8jn7t8s0VB2IHIckpNO2OAaSidOEFRLwltXM_-7teRDg_AHlU4sMTEqM9F0lqiU-lMt2hMHlL8z-EYy5OtH8h81reiBnIaZMwP-33jvVpHLBIzaWx0dg4Y8SFSMhmDD8aXfA%26dblcnt%3Dtrue%26user_num_adults%3D2%26pdtax%3D125.14%26pdt%3D1087.60%26locale%3Den-us%26ad-src%3D","https://www.facebook.com/groups/marriottbonvoyinsiders/, https://www.linkedin.com/in/anthony-capuano-a68390bb/, https://www.facebook.com/marriottbonvoy, https://www.instagram.com/marriottbonvoy/, https://twitter.com/marriottbonvoy, https://www.linkedin.com/company/marriott-international, https://www.youtube.com/marriott",Open 24 hours
Comfort Inn & Suites Destin near Henderson Beach,+1 850-855-4939,choicehotels.com,"4401 Commons Dr E, Destin, FL 32541, Sjedinjene Drave",131.0,"4,4",Vrijeme prijave: 16:00 - Vrijeme odjave: 11:00,", Besplatan WiFi, Besplatan doruak, Besplatan parking, Pristupano za invalide, Zatvoreni i otvoreni bazen, Klimatizirano, Poslovni centar, Pogodno za ljubimce, Pogodno za djecu, Restoran, Prijevoz sa/do aerodroma, Vrela kupka, Fitnes centar, Golf teren, Nepuaki",2,"http://www.google.com/travel/clk?pc=AA80OsxRYx0j9PO4Ptjn5gdJTqUmyej1rjodoapZ69IvP7L7FalGrmBPv0C-og3W9W593SOipmiooYzFeUR5-7D6cWfC8LM0Eb4J-EaWGKr54vVqskVmU-jSlFYZv_ntvXLAYp2WWlB7C0U&pcurl=https://www.priceline.com/r/?channel%3Dmeta%26product%3Dhotel%26theme%3Dghalistings%26refid%3DPLGOOGLEMSS%26refclickid%3DBA_HP%257C272854003_mapresults_3%257C20250301%257Cdesktop%257Cuserdate%7Cpublic%7C%7C%7C-1%257C2%257C0%7C0%7CEN%26hotelid%3D272854003%26checkin%3D20250301%26checkout%3D20250304%26rooms%3D1%26currency%3DUSD%26displayedCurr%3DBAM%26POSCountryCode%3DBA%26taxDisplayMode%3DBP%26cityID%3D3000003167%26adults%3D2%26land%3DL%26metaid%3DtsYZXt8VrVCzIl7DOzadpCAeLuULikjzQCtkDVuglQ8qtVXCUqzpR9xaZpNOH1USwQJ9OGTI6xzfmR555GnsVjGxvEDpjN2U69xMkvnAilsQcw8h1rf3-ZPZBHiTPjpGPlEHInjcu8q4vWcHlyS9vy74PhFnFsxvih0vod6LKQVHbHRejwJzlsu8Qbk5LmEVYvnYznuiZfXq7VXeeVRwGVUwCTK6ZAy3eAWjO0R2hkyLyOrXKGYQHfF1zwkrjWxolRY4H5CQJgBlxxnuqz0V_tvALLA1Z0ReLEPoJi9Eppiwprx46v29ZcZE9VkQtCp5yp3SstaFDEgSEDeWbqsj5sILniB4qh9jLSVDDeGfPGI%26dblcnt%3Dtrue%26user_num_adults%3D2%26pdtax%3D56.22%26pdt%3D488.59%26locale%3Den-us%26ad-src%3D, http://www.google.com/travel/clk?pc=AA80OsxnpRMelowcsCiIHVg4AqfHQ6RUSkgXU6Rir8X02Ii1pCmdaN4VpQc0tAVIumsOQ7Oa_HQRcV5wpa57P7HMGla0qL2ruUwHkCas-HMRQXldf213sCIGgW9IQsay13SKb23Gv5dGJeVUzyeIvMFwKfs7fZDKsOl_5w&pcurl=https://m.hktuyitrip.com/hotel-detail?hotelId%3Dh1329737693466202112%26roomId%3Dr1329737693558476800%26planId%3Dr1329737693558476800_2%5C_2%5C_3%5C_4%5C_1%5C_w%5C_p%5C_m%5C_390703727%26checkIn%3D2025-03-01%26checkOut%3D2025-03-04%26adult%3D2%26children%3D0%26age%3D%26userDevice%3Ddesktop%26googleSite%3Dmapresults%26userCurrency%3DBAM%26userCountry%3DBA%26userLanguage%3Dbs%26userTotal%3D470.17",N/A,Open 24 hours
Seabreeze Inn,+1 850-244-0121,seabreezeinnfwb.com,"100 Miracle Strip Pkwy SW, Fort Walton Beach, FL 32548, Sjedinjene Drave",745.0,"3,5",Vrijeme prijave: 15:00 - Vrijeme odjave: 11:00,", Besplatan WiFi, Besplatan parking, Pristupano za invalide, Otvoreni bazen, Klimatizirano, Pogodno za ljubimce, Pogodno za djecu, Prijevoz sa/do aerodroma, Fitnes centar",2,"http://www.google.com/travel/clk?pc=AA80Oszvc3ip1pr0zqVAm7xO-aPvpee8zYwN-Lre1KpSYSgonT21rItkd-uUoRsYCjT1Z8G8JDXQ9qfusuyXr-v4nEOFzeMwedY3rA1yd7pwEahCxCfqAeVhtDqMq95ulxHbmEEOtueoUQo&pcurl=https://www.priceline.com/r/?channel%3Dmeta%26product%3Dhotel%26theme%3Dghalistings%26refid%3DPLGOOGLEMSS%26refclickid%3DBA_HP%257C41305_mapresults_3%257C20250301%257Cdesktop%257Cuserdate%7Cpublic%7C%7C%7C-1%257C2%257C0%7C0%7CEN%26hotelid%3D41305%26checkin%3D20250301%26checkout%3D20250304%26rooms%3D1%26currency%3DUSD%26displayedCurr%3DBAM%26POSCountryCode%3DBA%26taxDisplayMode%3DBP%26cityID%3D3000003198%26adults%3D4%26land%3DL%26metaid%3DvsCAll5aDeu2vnKpAE9T6Hv0U7YY8AaFhBZldDFXGu8zJfGqrs5W1mfy59w_ragkInxYn0zq858ChdHTGss-nNio1E38c27y3rmmYz21pqDkQO_LCdPwI3l2jjA4_ZTI3plNCsxYtp0lfckp-9ETgye9lZFFpAWcvkywCkpg6VaQFU_8KJkU9gYpvT8bWSfAENkSLVtq7xrJieCgwHVR_PvwMeuB4-Ee0Cbn_PLoKmKmTuuIiRRklLEwqUDFAdXn06QRyuKyLl9DngokJjo4oOCK1S9T9WMrlqcnQ5vK3MQn8_PB-BAIYC3h5kUQR1AT%26dblcnt%3Dtrue%26user_num_adults%3D2%26pdtax%3D93.95%26pdt%3D522.54%26locale%3Den-us%26ad-src%3D, http://www.google.com/travel/clk?pc=AA80OsyIVezYgm0oB5SdEvMRlkbb7As7N2uWHDBR9tmePG7TIQreOMoeipdudXBdSGss-2O3m4BFymKrC70Owj3gYp8pwj02fBDqsqBzimBDm62oD0qFj7bLHqk3_ttkaa9Zw6PcEE9MMs5HOkj7auJ8aA_vrRfWRkphyw&pcurl=https://m.hktuyitrip.com/hotel-detail?hotelId%3Dh1329735900367687680%26roomId%3Dr1329735900468350976%26planId%3Dr1329735900468350976_2%5C_2%5C_3%5C_2%5C_1%5C_w%5C_p%5C_m%5C_205655963%26checkIn%3D2025-03-01%26checkOut%3D2025-03-04%26adult%3D2%26children%3D0%26age%3D%26userDevice%3Ddesktop%26googleSite%3Dmapresults%26userCurrency%3DBAM%26userCountry%3DBA%26userLanguage%3Dbs%26userTotal%3D389.20","https://www.facebook.com/Seabreeze-Inn-231957507371897/, https://www.instagram.com/seabreeze_inn/",Open 24 hours
Tru by Hilton Fort Walton Beach,+1 850-374-8686,hilton.com,"207 Miracle Strip Pkwy SW, Fort Walton Beach, FL 32548, Sjedinjene Drave",364.0,"4,0",Vrijeme prijave: 15:00 - Vrijeme odjave: 12:00,", Besplatan WiFi, Besplatan doruak, Besplatan parking, Pristupano za invalide, Otvoreni bazen, Klimatizirano, Poslovni centar, Pogodno za ljubimce, Pogodno za djecu, Restoran, Prijevoz sa/do aerodroma, Fitnes centar, Nepuaki",1,http://www.google.com/travel/clk?pc=AA80Osx3b8kpPny0G7ZqZ5gdDM8kX6g5cABZ2dFl_Y6DKG0H0xGLgcxWvchL-pCYkyItsZCGnL94QO2k9lfl3P12GYvq60sDLd6yv7Jf35KKL4bvFSkvW36stA1vMMMb9fBbFpOdHwd6Tk0&pcurl=https://www.priceline.com/r/?channel%3Dmeta%26product%3Dhotel%26theme%3Dghalistings%26refid%3DPLGOOGLEMSS%26refclickid%3DBA_HP%257C16868203_mapresults_3%257C20250301%257Cdesktop%257Cuserdate%7Cpublic%7C%7C%7C-1%257C2%257C0%7C0%7CEN%26hotelid%3D16868203%26checkin%3D20250301%26checkout%3D20250304%26rooms%3D1%26currency%3DUSD%26displayedCurr%3DBAM%26POSCountryCode%3DBA%26taxDisplayMode%3DBP%26cityID%3D3000003198%26adults%3D2%26land%3DL%26metaid%3DPKhyAi3yBRqBJUQ2PFNL8_3u1rJ_rbVixrrPhIwLB4HHDxQFeA60hyZCW5kMJUet5Aa4MedTQChzKLxjut_99z0FydEIH5RUCYv9IkqOPOKueai59fRXrKJ9EbMFfZlPF3wnWvUVBfByzjsVjv_ZIsCtivCK-7fw3RoelUUDY6ENczn2gZS5Pxf5jdXJSPVBXWFtnlmH0htwWaVqygfWRLX19pYN42vpXU6hiPxhQwxvYVXtTeN8pZhB7hqeWSbMtWxNazoHILWP3wUZhA_8s-HXx8HFv21gjl16B2LH6Guoi2qRXXT1DjdOGvTqgj4FgwxW5jqxI_TOzrxpaj3qdvOnKL-355fmLziLGvrMJE8%26dblcnt%3Dtrue%26user_num_adults%3D2%26pdtax%3D79.91%26pdt%3D694.59%26locale%3Den-us%26ad-src%3D,"https://www.facebook.com/hiltonnewsroom/, https://twitter.com/hiltonnewsroom, https://www.instagram.com/hiltonnewsroom/",Open 24 hours
Evoke Destin Hotel,+1 850-837-7889,ihg.com,"10861 US-98, Miramar Beach, FL 32550, Sjedinjene Drave",52.0,"3,5",Vrijeme prijave: 15:00 - Vrijeme odjave: 11:00,", Besplatan WiFi, Doruak, Besplatan parking, Pristupano za invalide, Bazen, Klimatizirano, Poslovni centar, Nepuaki",3,"http://www.google.com/travel/clk?pc=AA80OsxP07Kw0CkHUSQC0xfq5do1Y47n2Nu1ylJB9bhCVqoxTjMrVJNicdzggAEiM7xSbLWuC4vKg2kBhWF2SN_C7sa9lWRwAohWlwrOXcqBhy_ArqoCa7xVycYe&pcurl=https://www.ihg.com/redirect?path%3Dasearch%26brandCode%3D6c%26localeCode%3Dbs%26regionCode%3DBA%26currency%3DUSD%26rate%3D109.00%26hotelCode%3DDSIDT%26checkInDate%3D01%26checkInMonthYear%3D032025%26checkOutDate%3D04%26checkOutMonthYear%3D032025%26numberOfAdults%3D2%26numberOfChildren%3D0%26rateCode%3D6CBARC%26numberOfRooms%3D1%26cm_mmc%3Dhpa_free_BA_desktop_DSIDT_mapresults_3_USD_2025-03-01_selected___FALSE_QUANIGCOR%26glat%3DFREE%26selectedRatePlan%3DQUANIGCOR%26shouldUseNewCRR%3Dtrue%26prid%3D%26partnerAdType%3Dfree%26userDeviceType%3Ddesktop%26userCountryCode%3DBA%26partnerAdSite%3Dmapresults%26partnerCurrencyCode%3DUSD%26partnerDateType%3Dselected%26userSelectedRatePlan%3DQUANIGCOR%26partnerClickType%3Dhotel%26partnerVerification%3Dfalse%26userBookingWindow%3D-1%26partnerRateShown%3D109.00%26partnerTotalRateShown%3D688.45%26adjustMonth%3Dtrue, http://www.google.com/travel/clk?pc=AA80OsxAJku-BL8hbAOLtIDZYq6JS-fG6v6Vu6xzxkE2tHorady6HuPKRl5hnexKEhvSQVUNP7CyY9TxVDT6OzrYfimU47fZIjn7IKuvrOTYlhaQX2tMb4b98p5Ak3i1HmAWhMKGS_VgYZA&pcurl=https://www.priceline.com/r/?channel%3Dmeta%26product%3Dhotel%26theme%3Dghalistings%26refid%3DPLGOOGLEMSS%26refclickid%3DBA_HP%257C7177605_mapresults_3%257C20250301%257Cdesktop%257Cuserdate%7Cpublic%7C%7C%7C-1%257C2%257C0%7C0%7CEN%26hotelid%3D7177605%26checkin%3D20250301%26checkout%3D20250304%26rooms%3D1%26currency%3DUSD%26displayedCurr%3DBAM%26POSCountryCode%3DBA%26taxDisplayMode%3DBP%26cityID%3D3000090047%26adults%3D2%26land%3DL%26metaid%3D-5lA55s2Og8cSI0uOTdy_804hfjc4tnMYv85lTNiNm3n1S5QhImtgmEbce9HwpsO72VVsH_0YW5RKbubaKC1bR9Ye2ed6AY-67OiaU7GXUmRrxFJG31R_GT2msCkN6znGMdVqe7HuHg-FWLf1Vo6YyA17C1fk-CIsEBrQQazfrO2muIByjYybWzvVnxMmdGp_x917YhCBp90TFuqCD9HphUVnBeaiOul9ToeWiMAtTuD124N3Ufh525t5Sh6TIRFDKhbMS1Qb7W8Qknc0rQRhw%26dblcnt%3Dtrue%26user_num_adults%3D2%26pdtax%3D87.30%26pdt%3D814.77%26locale%3Den-us%26ad-src%3D, http://www.google.com/travel/clk?pc=AA80OsxbJ99kM5tsy9oAElOxFPFqgpH23O5lI8hco4lMb3JXq1EzU6p-AooWWttFcf6rmp2SGBqSvvCkOMqHv468dicDG-FCA70AKECvFA24DgHw90LwdfJ55NfJnUwvv0c-8-xAVLgeCuoB5JzQj_qXA1GjAFlTyg3iyg&pcurl=https://m.hktuyitrip.com/hotel-detail?hotelId%3Dh1329737680795209728%26roomId%3Dr1329737680879095808%26planId%3Dr1329737680879095808_2%5C_2%5C_3%5C_2%5C_1%5C_w%5C_p%5C_m%5C_391538166%26checkIn%3D2025-03-01%26checkOut%3D2025-03-04%26adult%3D2%26children%3D0%26age%3D%26userDevice%3Ddesktop%26googleSite%3Dmapresults%26userCurrency%3DBAM%26userCountry%3DBA%26userLanguage%3Dbs%26userTotal%3D860.64",N/A,Open 24 hours
Hole Inn the Wall Hotel-Fort Walton Beach-Sunset Plaza-nearby Beaches & Hurlburt,+1 850-244-5137,hotel-fort-walton-beach-sunset-plaza.com.es,"209 Miracle Strip Pkwy SW, Fort Walton Beach, FL 32548, Sjedinjene Drave",623.0,"2,9",Vrijeme prijave: 16:00 - Vrijeme odjave: 11:00,", Besplatan WiFi, Doruak, Besplatan parking, Pristupano za invalide, Otvoreni bazen, Klimatizirano, Pogodno za ljubimce, Pristup plai, Pogodno za djecu, Restoran, Prijevoz sa/do aerodroma, Fitnes centar",1,http://www.google.com/travel/clk?pc=AA80Osw7l9AmNJUo0KIj3GNIZR4M0IiV-UGqo_isoMf_h_QPzXotoeC4tRZIAGL99dX8AtDNIXjEGsS1pm2MpZvzJAUSggboPDAAm2HEPDjorYzuExwy9hEv2b8VY5rHhXUh8REgyF685xA&pcurl=https://www.priceline.com/r/?channel%3Dmeta%26product%3Dhotel%26theme%3Dghalistings%26refid%3DPLGOOGLEMSS%26refclickid%3DBA_HP%257C42286_mapresults_3%257C20250301%257Cdesktop%257Cuserdate%7Cpublic%7C%7C%7C-1%257C2%257C0%7C0%7CEN%26hotelid%3D42286%26checkin%3D20250301%26checkout%3D20250304%26rooms%3D1%26currency%3DUSD%26displayedCurr%3DBAM%26POSCountryCode%3DBA%26taxDisplayMode%3DBP%26cityID%3D3000003198%26adults%3D2%26land%3DL%26metaid%3De5ALwjfeH8UpV8fBxD1pZYCe94pyBShMAmguhj66pTKLRYA2HUNeT49-yqx7O4zb0UUeIECN5NeNLce0eVhDLKqe74pcVPsae9ync9j7Z7G88pw2vYVwUnAY0edDSKOuZlM7QHC5rep89ETd5cByXhKG2qGMKEj_aVEUK8mx66e1qY0240ZPnhPIh5yx4jQdNfSxeWcAElcH3_aBtJk5pCtvQV8rmeo39r2wUJkmxrMyBFaLhF9Iqx_5vKUwMc_sLNP8CCvllD0x0i6Am6v3KiXH-qATHwvBHlkeCuolvUM%26dblcnt%3Dtrue%26user_num_adults%3D2%26pdtax%3D63.22%26pdt%3D395.94%26locale%3Den-us%26ad-src%3D,N/A,Open 24 hours
Fairfield Inn & Suites Destin,+1 850-654-8611,marriott.com,"19001 Emerald Coast Pkwy, Destin, FL 32541, Sjedinjene Drave",849.0,"4,3",Vrijeme prijave: 16:00 - Vrijeme odjave: 12:00,", Besplatan WiFi, Besplatan doruak, Besplatan parking, Pristupano za invalide, Zatvoreni i otvoreni bazen, Klimatizirano, Praonica rublja, Poslovni centar, Pogodno za ljubimce, Pogodno za djecu, Restoran, Prijevoz sa/do aerodroma, Fitnes centar, Nepuaki",3,"http://www.google.com/travel/clk?pc=AA80OszZ6aYpJRFl1PXmLWI8r_w6cB87ycaP8PoGhQDApp87DWDovhGNO97EfmvhWXmDWSsq5vivlANEsBvokFg-RCWGMd_kF3DPzEoB7lTXGPjvLxEUnAt9YB6ZWhoM99Ocy1Yu8cT1RcY&pcurl=https://www.priceline.com/r/?channel%3Dmeta%26product%3Dhotel%26theme%3Dghalistings%26refid%3DPLGOOGLEMSS%26refclickid%3DBA_HP%257C5053105_mapresults_3%257C20250301%257Cdesktop%257Cuserdate%7Cpublic%7C%7C%7C-1%257C2%257C0%7C0%7CEN%26hotelid%3D5053105%26checkin%3D20250301%26checkout%3D20250304%26rooms%3D1%26currency%3DUSD%26displayedCurr%3DBAM%26POSCountryCode%3DBA%26taxDisplayMode%3DBP%26cityID%3D3000003167%26adults%3D4%26land%3DL%26metaid%3D4C9EiyoP0f3o6f2feJa8kjLr25X9JGPvSyy4a2IE6rx2uO8gtwQArr4kNK7c_R4aKrLTKAdl9r6heY0Ox32OfVHRvQY9SpGR5LAQAwdROAA72Q3DKAe6ZT-I1mMNBzD4zHH6I0_z6kINwFNWSYveGlNADqD8la5LnVZHY21dB1ZAbJ3JeTSoGp3-WDSnZmKphH8UZGkKfWZEmxiZKJAv-3nIVO3lML4TUNvUAm3579qOPUR42yoa8PDbZfOvc424aXRCtFhbISd7jf4XvzYbSkJ1v3NpmIzN0wxZpnRCnegOxnFstqtvVuDPRRs6MVGSLUpzggeOoLFw4cawHZQfHeP8dBrGODdKdocEXg4ZhTM%26dblcnt%3Dtrue%26user_num_adults%3D2%26pdtax%3D81.15%26pdt%3D705.25%26locale%3Den-us%26ad-src%3D, http://www.google.com/travel/clk?pc=AA80OsznLebDfaeCDc0ZE4TdfFI6M7W8SXSnLf9mN7d5rDQCmbab1osIT_ghw6dgi36ohgin6N6DLSda6IyWoTkFpwdOE4rXAUXaXaCncg1unS9uut9iNRzB8b6QH9ONHhilxKloEl1_SVJ7YSi2OZqsvj923L7QX1J9GQ&pcurl=https://m.hktuyitrip.com/hotel-detail?hotelId%3Dh1329737578089287680%26roomId%3Dr1329737579020423168%26planId%3Dr1329737579020423168_2%5C_2%5C_3%5C_4%5C_3%5C_w%5C_p%5C_m%5C_232199727%26checkIn%3D2025-03-01%26checkOut%3D2025-03-04%26adult%3D2%26children%3D0%26age%3D%26userDevice%3Ddesktop%26googleSite%3Dmapresults%26userCurrency%3DBAM%26userCountry%3DBA%26userLanguage%3Dbs%26userTotal%3D619.29, http://www.google.com/travel/clk?pc=AA80Osyea5sfuvLUSLS76HiC7ief7h3-kz65aDHUEwEp46M4JTbkYDIlMRH2ofGee_iSHG8A9huwG5YfPBWZdE8OT7MSj2yVZ8rHoh4sdzJBXcKu_DrLsYOtl5conFUizMRWWhc7_XI-GizHmw&pcurl=https://www.booking.com/hotel/us/comfort-inn-destin.html?checkin%3D2025-03-01%26checkout%3D2025-03-04%26group_adults%3D2%26req_adults%3D2%26show_room%3D26195601_246425143_0_1_0%26lang%3Dbs%26selected_currency%3DBAM%26exrt%3D1.87977290%26ext_price_total%3D705.22%26ext_price_tax%3D81.13%26xfc%3DUSD%26hca%3Dm%26group_children%3D0%26req_children%3D0%26%26ts%3D1740887394%26no_rooms%3D1%26%26utm_source%3Dmetagha%26utm_medium%3Dmapresults%26utm_campaign%3DBA%26utm_term%3Dhotel-261956%26utm_content%3Ddev-desktop_los-3_bw--1_dow-Saturday_defdate-0_room-0_gstadt-2_rateid-0_aud-0_gacid-_mcid-10_ppa-0_clrid-0_ad-0_gstkid-0_checkin-20250301_ppt-%26aid%3D2127708%26label%3Dmetagha-link-MRBA-hotel-261956_dev-desktop_los-3_bw--1_dow-Saturday_defdate-0_room-0_gstadt-2_rateid-0_aud-0_gacid-_mcid-10_ppa-0_clrid-0_ad-0_gstkid-0_checkin-20250301_ppt-","https://www.facebook.com/groups/marriottbonvoyinsiders/, https://www.linkedin.com/in/anthony-capuano-a68390bb/, https://www.facebook.com/marriottbonvoy, https://www.instagram.com/marriottbonvoy/, https://twitter.com/marriottbonvoy, https://www.linkedin.com/company/marriott-international, https://www.youtube.com/marriott",Open 24 hours
"Inn on Destin Harbor, Ascend Hotel Collection",+1 850-837-7326,choicehotels.com,"402 Harbor Blvd, Destin, FL 32541, Sjedinjene Drave",316.0,"3,5",Vrijeme prijave: 15:00 - Vrijeme odjave: 11:00,", Besplatan WiFi, Besplatan doruak, Besplatan parking, Pristupano za invalide, Otvoreni bazen, Klimatizirano, Poslovni centar, Pogodno za ljubimce, Pogodno za djecu, Restoran, Prijevoz sa/do aerodroma, Fitnes centar, Bar, Nepuaki",1,http://www.google.com/travel/clk?pc=AA80OsxsGl55MbnweFNvbjI3gu4d-jmh2UVZPiU9yketCPg-8SstCEPgf4R1pGpsSOT-NyvJKZltcG-qrkw8_m0ZfOnRKqmcdZOJbD7Z5OJXSzYXq1b0KvRy7OYOEzvc2zBqfKx22CV5ntk&pcurl=https://www.priceline.com/r/?channel%3Dmeta%26product%3Dhotel%26theme%3Dghalistings%26refid%3DPLGOOGLEMSS%26refclickid%3DBA_HP%257C4672505_mapresults_3%257C20250301%257Cdesktop%257Cuserdate%7Cpublic%7C%7C%7C-1%257C2%257C0%7C0%7CEN%26hotelid%3D4672505%26checkin%3D20250301%26checkout%3D20250304%26rooms%3D1%26currency%3DUSD%26displayedCurr%3DBAM%26POSCountryCode%3DBA%26taxDisplayMode%3DBP%26cityID%3D3000003167%26adults%3D2%26land%3DL%26metaid%3DvRSCu-3o5uWIq5y-rJIEtk2hxYf-OE7kU2w1kM6ziGjSMIRXGuZsZYV9EQnG17n5xUVpqM9qy_38bJXoP65ss1tcZr07GyMfpgdoWbZPUZFqvBgtFvf6Aip6IfqhSGruzVNkiy0nI7CXQjKI-AiKS9iZ13RV4AVE9gWa_xZXVR5Pp425laOvet8Dc58uHpmp8oeUjAfqLmIQr0WhxPFRJGuNbKiJgJVJJ1skFxMGVPRnLamfejiosgQXF_V34znj0X4vaF2AzcEXJ0PziLVUTA%26dblcnt%3Dtrue%26user_num_adults%3D2%26pdtax%3D123.90%26pdt%3D643.16%26locale%3Den-us%26ad-src%3D,N/A,Open 24 hours
Sleep Inn & Suites Fort Walton Beach - Destin West,+1 850-659-2600,choicehotels.com,"13 Miracle Strip Pkwy SW, Fort Walton Beach, FL 32548, Sjedinjene Drave",36.0,"3,8",Vrijeme prijave: 16:00 - Vrijeme odjave: 11:00,", Besplatan WiFi, Besplatan doruak, Besplatan parking, Pristupano za invalide, Zatvoreni i otvoreni bazen, Klimatizirano, Poslovni centar, Pogodno za ljubimce, Pogodno za djecu, Restoran, Prijevoz sa/do aerodroma, Vrela kupka, Fitnes centar, Nepuaki",1,http://www.google.com/travel/clk?pc=AA80Osw2AmrV6pL2tVDmc6YENpDv5jn_xBnMogXJMWr_eKpYu4PBwhAvM9J3gjzKHukdTrvqa365b5xJgILws17AY1RPh9-lfujqefgfa1MDaAGhOTwuk6idZFq2exiINFjJFtp-gInAM-U&pcurl=https://www.priceline.com/r/?channel%3Dmeta%26product%3Dhotel%26theme%3Dghalistings%26refid%3DPLGOOGLEMSS%26refclickid%3DBA_HP%257C101211506_mapresults_3%257C20250301%257Cdesktop%257Cuserdate%7Cpublic%7C%7C%7C-1%257C2%257C0%7C0%7CEN%26hotelid%3D101211506%26checkin%3D20250301%26checkout%3D20250304%26rooms%3D1%26currency%3DUSD%26displayedCurr%3DBAM%26POSCountryCode%3DBA%26taxDisplayMode%3DBP%26cityID%3D3000003198%26adults%3D2%26land%3DL%26metaid%3DnKHAACVzFO7JbVBaO8qtBlXm-vi0xNe3AsVYiB6_DghQ-r-KTD4Ymwwl2zjrI8ace1pb3Xo5ZvtLX0_kYhnBs9jd7JYmCFhyMgxQOxZdkPId8_5nf1jFJc_YMlQnldqsWdeDI5qUnWIADMMvJD9uSHMnqMUTicNEYC-Lk-_CvxDIEhW8JgE3mDNnDYjVAjgWM-Yttt4RwxkKevyyWnCvGPj4WWcF2gYr9t2O2i13hOKKp9rjxUxd8TXVns9oR6obBwgQHYaK-ZYs-oSjAB0xmw%26dblcnt%3Dtrue%26user_num_adults%3D2%26pdtax%3D71.62%26pdt%3D622.41%26locale%3Den-us%26ad-src%3D,N/A,Open 24 hours
